name,id
img_748.jpg,0
img_745.jpg,0
img_617.jpg,0
img_200.jpg,1
img_122.jpg,1
img_951.jpg,0
img_372.jpg,1
img_469.jpg,1
img_75.jpg,1
img_197.jpg,1
img_327.jpg,1
img_850.jpg,0
img_405.jpg,1
img_177.jpg,1
img_49.jpg,1
img_639.jpg,0
img_594.jpg,0
img_315.jpg,1
img_930.jpg,0
img_994.jpg,0
img_1002.jpg,0
img_661.jpg,0
img_234.jpg,1
img_93.jpg,1
img_721.jpg,0
img_560.jpg,1
img_1096.jpg,0
img_60.jpg,1
img_345.jpg,1
img_428.jpg,1
img_904.jpg,0
img_635.jpg,0
img_288.jpg,1
img_900.jpg,0
img_558.jpg,1
img_371.jpg,1
img_564.jpg,1
img_916.jpg,0
img_780.jpg,0
img_1056.jpg,0
img_876.jpg,0
img_753.jpg,0
img_1063.jpg,0
img_555.jpg,1
img_421.jpg,1
img_138.jpg,1
img_137.jpg,1
img_565.jpg,1
img_118.jpg,1
img_648.jpg,0
img_952.jpg,0
img_326.jpg,1
img_653.jpg,0
img_156.jpg,1
img_87.jpg,1
img_811.jpg,0
img_669.jpg,0
img_704.jpg,0
img_1031.jpg,0
img_710.jpg,0
img_183.jpg,1
img_64.jpg,1
img_202.jpg,1
img_331.jpg,1
img_622.jpg,0
img_505.jpg,1
img_354.jpg,1
img_830.jpg,0
img_521.jpg,1
img_390.jpg,1
img_620.jpg,0
img_1019.jpg,0
img_159.jpg,1
img_286.jpg,1
img_280.jpg,1
img_444.jpg,1
img_497.jpg,1
img_939.jpg,0
img_774.jpg,0
img_271.jpg,1
img_20.jpg,1
img_414.jpg,1
img_863.jpg,0
img_1005.jpg,0
img_535.jpg,1
img_677.jpg,0
img_851.jpg,0
img_333.jpg,1
img_134.jpg,1
img_709.jpg,0
img_801.jpg,0
img_1095.jpg,0
img_294.jpg,1
img_395.jpg,1
img_817.jpg,0
img_158.jpg,1
img_607.jpg,0
img_823.jpg,0
img_647.jpg,0
img_768.jpg,0
img_807.jpg,0
img_644.jpg,0
img_199.jpg,1
img_448.jpg,1
img_1035.jpg,0
img_519.jpg,1
img_223.jpg,1
img_368.jpg,1
img_284.jpg,1
img_262.jpg,1
img_584.jpg,0
img_459.jpg,1
img_765.jpg,0
img_880.jpg,0
img_498.jpg,1
img_41.jpg,1
img_105.jpg,1
img_640.jpg,0
img_495.jpg,1
img_312.jpg,1
img_1064.jpg,0
img_375.jpg,1
img_747.jpg,0
img_253.jpg,1
img_337.jpg,1
img_282.jpg,1
img_567.jpg,1
img_1011.jpg,0
img_453.jpg,1
img_110.jpg,1
img_909.jpg,0
img_886.jpg,0
img_685.jpg,0
img_975.jpg,0
img_849.jpg,0
img_38.jpg,1
img_460.jpg,1
img_707.jpg,0
img_514.jpg,1
img_825.jpg,0
img_157.jpg,1
img_1041.jpg,0
img_835.jpg,0
img_56.jpg,1
img_300.jpg,1
img_531.jpg,1
img_169.jpg,1
img_336.jpg,1
img_591.jpg,0
img_840.jpg,0
img_668.jpg,0
img_569.jpg,1
img_173.jpg,1
img_611.jpg,0
img_163.jpg,1
img_844.jpg,0
img_858.jpg,0
img_673.jpg,0
img_32.jpg,1
img_413.jpg,1
img_883.jpg,0
img_162.jpg,1
img_1059.jpg,0
img_99.jpg,1
img_250.jpg,1
img_268.jpg,1
img_380.jpg,1
img_1021.jpg,0
img_827.jpg,0
img_797.jpg,0
img_525.jpg,1
img_596.jpg,0
img_468.jpg,1
img_446.jpg,1
img_928.jpg,0
img_651.jpg,0
img_816.jpg,0
img_419.jpg,1
img_116.jpg,1
img_21.jpg,1
img_982.jpg,0
img_559.jpg,1
img_164.jpg,1
img_678.jpg,0
img_568.jpg,1
img_168.jpg,1
img_1067.jpg,0
img_832.jpg,0
img_353.jpg,1
img_998.jpg,0
img_632.jpg,0
img_502.jpg,1
img_929.jpg,0
img_976.jpg,0
img_376.jpg,1
img_430.jpg,1
img_341.jpg,1
img_416.jpg,1
img_77.jpg,1
img_633.jpg,0
img_417.jpg,1
img_627.jpg,0
img_621.jpg,0
img_577.jpg,1
img_848.jpg,0
img_997.jpg,0
img_990.jpg,0
img_232.jpg,1
img_426.jpg,1
img_206.jpg,1
img_506.jpg,1
img_615.jpg,0
img_449.jpg,1
img_491.jpg,1
img_34.jpg,1
img_479.jpg,1
img_144.jpg,1
img_391.jpg,1
img_1033.jpg,0
img_360.jpg,1
img_98.jpg,1
img_193.jpg,1
img_231.jpg,1
img_188.jpg,1
img_1053.jpg,0
img_636.jpg,0
img_918.jpg,0
img_28.jpg,1
img_799.jpg,0
img_792.jpg,0
img_63.jpg,1
img_716.jpg,0
img_439.jpg,1
img_655.jpg,0
img_1073.jpg,0
img_751.jpg,0
img_1066.jpg,0
img_112.jpg,1
img_338.jpg,1
img_74.jpg,1
img_1018.jpg,0
img_295.jpg,1
img_467.jpg,1
img_966.jpg,0
img_174.jpg,1
img_1029.jpg,0
img_887.jpg,0
img_3.jpg,1
img_634.jpg,0
img_996.jpg,0
img_1028.jpg,0
img_839.jpg,0
img_646.jpg,0
img_434.jpg,1
img_726.jpg,0
img_541.jpg,1
img_937.jpg,0
img_463.jpg,1
img_956.jpg,0
img_846.jpg,0
img_890.jpg,0
img_186.jpg,1
img_302.jpg,1
img_1078.jpg,0
img_39.jpg,1
img_681.jpg,0
img_961.jpg,0
img_749.jpg,0
img_766.jpg,0
img_308.jpg,1
img_293.jpg,1
img_455.jpg,1
img_730.jpg,0
img_625.jpg,0
img_977.jpg,0
img_366.jpg,1
img_831.jpg,0
img_381.jpg,1
img_881.jpg,0
img_562.jpg,1
img_40.jpg,1
img_393.jpg,1
img_121.jpg,1
img_213.jpg,1
img_1044.jpg,0
img_1014.jpg,0
img_153.jpg,1
img_318.jpg,1
img_692.jpg,0
img_756.jpg,0
img_108.jpg,1
img_534.jpg,1
img_520.jpg,1
img_698.jpg,0
img_861.jpg,0
img_500.jpg,1
img_545.jpg,1
img_962.jpg,0
img_339.jpg,1
img_104.jpg,1
img_457.jpg,1
img_239.jpg,1
img_717.jpg,0
img_894.jpg,0
img_836.jpg,0
img_1050.jpg,0
img_624.jpg,0
img_687.jpg,0
img_94.jpg,1
img_873.jpg,0
img_480.jpg,1
img_245.jpg,1
img_89.jpg,1
img_629.jpg,0
img_776.jpg,0
img_22.jpg,1
img_109.jpg,1
img_388.jpg,1
img_175.jpg,1
img_443.jpg,1
img_5.jpg,1
img_305.jpg,1
img_682.jpg,0
img_316.jpg,1
img_408.jpg,1
img_537.jpg,1
img_70.jpg,1
img_1075.jpg,0
img_61.jpg,1
img_30.jpg,1
img_73.jpg,1
img_820.jpg,0
img_141.jpg,1
img_712.jpg,0
img_552.jpg,1
img_1071.jpg,0
img_490.jpg,1
img_478.jpg,1
img_582.jpg,0
img_12.jpg,1
img_81.jpg,1
img_959.jpg,0
img_859.jpg,0
img_165.jpg,1
img_198.jpg,1
img_862.jpg,0
img_161.jpg,1
img_438.jpg,1
img_995.jpg,0
img_581.jpg,1
img_410.jpg,1
img_781.jpg,0
img_845.jpg,0
img_53.jpg,1
img_901.jpg,0
img_872.jpg,0
img_266.jpg,1
img_167.jpg,1
img_166.jpg,1
img_322.jpg,1
img_325.jpg,1
img_957.jpg,0
img_857.jpg,0
img_11.jpg,1
img_496.jpg,1
img_981.jpg,0
img_194.jpg,1
img_241.jpg,1
img_240.jpg,1
img_249.jpg,1
img_407.jpg,1
img_954.jpg,0
img_135.jpg,1
img_905.jpg,0
img_1032.jpg,0
img_533.jpg,1
img_643.jpg,0
img_343.jpg,1
img_441.jpg,1
img_23.jpg,1
img_1057.jpg,0
img_588.jpg,0
img_889.jpg,0
img_659.jpg,0
img_1017.jpg,0
img_1010.jpg,0
img_349.jpg,1
img_68.jpg,1
img_378.jpg,1
img_475.jpg,1
img_866.jpg,0
img_694.jpg,0
img_180.jpg,1
img_65.jpg,1
img_201.jpg,1
img_79.jpg,1
img_605.jpg,0
img_470.jpg,1
img_557.jpg,1
img_572.jpg,1
img_127.jpg,1
img_403.jpg,1
img_13.jpg,1
img_385.jpg,1
img_275.jpg,1
img_192.jpg,1
img_493.jpg,1
img_267.jpg,1
img_931.jpg,0
img_544.jpg,1
img_1072.jpg,0
img_488.jpg,1
img_401.jpg,1
img_92.jpg,1
img_324.jpg,1
img_1060.jpg,0
img_1093.jpg,0
img_744.jpg,0
img_36.jpg,1
img_1082.jpg,0
img_757.jpg,0
img_771.jpg,0
img_1026.jpg,0
img_775.jpg,0
img_276.jpg,1
img_190.jpg,1
img_696.jpg,0
img_893.jpg,0
img_228.jpg,1
img_510.jpg,1
img_610.jpg,0
img_25.jpg,1
img_227.jpg,1
img_573.jpg,1
img_1024.jpg,0
img_650.jpg,0
img_1087.jpg,0
img_221.jpg,1
img_292.jpg,1
img_57.jpg,1
img_579.jpg,1
img_155.jpg,1
img_770.jpg,0
img_578.jpg,1
img_1094.jpg,0
img_652.jpg,0
img_85.jpg,1
img_705.jpg,0
img_277.jpg,1
img_547.jpg,1
img_838.jpg,0
img_879.jpg,0
img_71.jpg,1
img_27.jpg,1
img_0.jpg,1
img_123.jpg,1
img_739.jpg,0
img_566.jpg,1
img_387.jpg,1
img_662.jpg,0
img_922.jpg,0
img_517.jpg,1
img_472.jpg,1
img_323.jpg,1
img_628.jpg,0
img_139.jpg,1
img_458.jpg,1
img_803.jpg,0
img_711.jpg,0
img_367.jpg,1
img_189.jpg,1
img_777.jpg,0
img_184.jpg,1
img_95.jpg,1
img_115.jpg,1
img_356.jpg,1
img_1099.jpg,0
img_772.jpg,0
img_551.jpg,1
img_821.jpg,0
img_907.jpg,0
img_33.jpg,1
img_131.jpg,1
img_586.jpg,0
img_415.jpg,1
img_955.jpg,0
img_358.jpg,1
img_348.jpg,1
img_359.jpg,1
img_684.jpg,0
img_658.jpg,0
img_1007.jpg,0
img_289.jpg,1
img_80.jpg,1
img_693.jpg,0
img_703.jpg,0
img_133.jpg,1
img_664.jpg,0
img_1025.jpg,0
img_278.jpg,1
img_980.jpg,0
img_782.jpg,0
img_487.jpg,1
img_254.jpg,1
img_841.jpg,0
img_676.jpg,0
img_272.jpg,1
img_784.jpg,0
img_540.jpg,1
img_9.jpg,1
img_602.jpg,0
img_619.jpg,0
img_752.jpg,0
img_963.jpg,0
img_424.jpg,1
img_248.jpg,1
img_363.jpg,1
img_219.jpg,1
img_364.jpg,1
img_604.jpg,0
img_209.jpg,1
img_1088.jpg,0
img_885.jpg,0
img_7.jpg,1
img_967.jpg,0
img_273.jpg,1
img_19.jpg,1
img_895.jpg,0
img_590.jpg,0
img_912.jpg,0
img_1051.jpg,0
img_301.jpg,1
img_733.jpg,0
img_714.jpg,0
img_1070.jpg,0
img_679.jpg,0
img_513.jpg,1
img_867.jpg,0
img_815.jpg,0
img_259.jpg,1
img_608.jpg,0
img_1048.jpg,0
img_58.jpg,1
img_737.jpg,0
img_522.jpg,1
img_973.jpg,0
img_1091.jpg,0
img_361.jpg,1
img_528.jpg,1
img_761.jpg,0
img_501.jpg,1
img_171.jpg,1
img_793.jpg,0
img_899.jpg,0
img_365.jpg,1
img_542.jpg,1
img_128.jpg,1
img_235.jpg,1
img_29.jpg,1
img_69.jpg,1
img_791.jpg,0
img_88.jpg,1
img_1085.jpg,0
img_429.jpg,1
img_529.jpg,1
img_466.jpg,1
img_140.jpg,1
img_252.jpg,1
img_454.jpg,1
img_433.jpg,1
img_941.jpg,0
img_258.jpg,1
img_211.jpg,1
img_790.jpg,0
img_10.jpg,1
img_471.jpg,1
img_612.jpg,0
img_593.jpg,0
img_715.jpg,0
img_616.jpg,0
img_411.jpg,1
img_812.jpg,0
img_170.jpg,1
img_422.jpg,1
img_230.jpg,1
img_66.jpg,1
img_960.jpg,0
img_310.jpg,1
img_940.jpg,0
img_1.jpg,1
img_260.jpg,1
img_311.jpg,1
img_111.jpg,1
img_442.jpg,1
img_392.jpg,1
img_550.jpg,1
img_247.jpg,1
img_1006.jpg,0
img_828.jpg,0
img_132.jpg,1
img_868.jpg,0
img_778.jpg,0
img_946.jpg,0
img_585.jpg,0
img_321.jpg,1
img_42.jpg,1
img_860.jpg,0
img_769.jpg,0
img_882.jpg,0
img_719.jpg,0
img_917.jpg,0
img_788.jpg,0
img_814.jpg,0
img_451.jpg,1
img_759.jpg,0
img_1022.jpg,0
img_915.jpg,0
img_988.jpg,0
img_404.jpg,1
img_1039.jpg,0
img_538.jpg,1
img_670.jpg,0
img_143.jpg,1
img_482.jpg,1
img_1058.jpg,0
img_307.jpg,1
img_986.jpg,0
img_423.jpg,1
img_1101.jpg,0
img_445.jpg,1
img_210.jpg,1
img_1016.jpg,0
img_1052.jpg,0
img_794.jpg,0
img_386.jpg,1
img_6.jpg,1
img_1097.jpg,0
img_1012.jpg,0
img_287.jpg,1
img_829.jpg,0
img_481.jpg,1
img_724.jpg,0
img_91.jpg,1
img_785.jpg,0
img_255.jpg,1
img_1068.jpg,0
img_888.jpg,0
img_720.jpg,0
img_603.jpg,0
img_804.jpg,0
img_786.jpg,0
img_853.jpg,0
img_732.jpg,0
img_384.jpg,1
img_700.jpg,0
img_397.jpg,1
img_1055.jpg,0
img_114.jpg,1
img_609.jpg,0
img_103.jpg,1
img_834.jpg,0
img_187.jpg,1
img_523.jpg,1
img_511.jpg,1
img_1015.jpg,0
img_120.jpg,1
img_18.jpg,1
img_944.jpg,0
img_317.jpg,1
img_124.jpg,1
img_399.jpg,1
img_222.jpg,1
img_486.jpg,1
img_1043.jpg,0
img_600.jpg,0
img_587.jpg,0
img_657.jpg,0
img_810.jpg,0
img_927.jpg,0
img_483.jpg,1
img_947.jpg,0
img_285.jpg,1
img_4.jpg,1
img_129.jpg,1
img_843.jpg,0
img_473.jpg,1
img_735.jpg,0
img_798.jpg,0
img_396.jpg,1
img_178.jpg,1
img_689.jpg,0
img_663.jpg,0
img_723.jpg,0
img_107.jpg,1
img_1098.jpg,0
img_214.jpg,1
img_574.jpg,1
img_934.jpg,0
img_1069.jpg,0
img_852.jpg,0
img_229.jpg,1
img_665.jpg,0
img_656.jpg,0
img_526.jpg,1
img_220.jpg,1
img_1023.jpg,0
img_332.jpg,1
img_921.jpg,0
img_789.jpg,0
img_783.jpg,0
img_191.jpg,1
img_641.jpg,0
img_382.jpg,1
img_1042.jpg,0
img_1086.jpg,0
img_764.jpg,0
img_452.jpg,1
img_1020.jpg,0
img_1100.jpg,0
img_571.jpg,1
img_151.jpg,1
img_906.jpg,0
img_160.jpg,1
img_690.jpg,0
img_43.jpg,1
img_741.jpg,0
img_281.jpg,1
img_59.jpg,1
img_1049.jpg,0
img_46.jpg,1
img_269.jpg,1
img_489.jpg,1
img_432.jpg,1
img_729.jpg,0
img_8.jpg,1
img_892.jpg,0
img_809.jpg,0
img_1079.jpg,0
img_614.jpg,0
img_45.jpg,1
img_97.jpg,1
img_346.jpg,1
img_1083.jpg,0
img_485.jpg,1
img_597.jpg,0
img_477.jpg,1
img_722.jpg,0
img_546.jpg,1
img_334.jpg,1
img_437.jpg,1
img_914.jpg,0
img_746.jpg,0
img_642.jpg,0
img_623.jpg,0
img_309.jpg,1
img_576.jpg,1
img_1074.jpg,0
img_795.jpg,0
img_855.jpg,0
img_328.jpg,1
img_279.jpg,1
img_304.jpg,1
img_357.jpg,1
img_181.jpg,1
img_142.jpg,1
img_897.jpg,0
img_950.jpg,0
img_102.jpg,1
img_431.jpg,1
img_985.jpg,0
img_699.jpg,0
img_1013.jpg,0
img_352.jpg,1
img_970.jpg,0
img_82.jpg,1
img_1045.jpg,0
img_298.jpg,1
img_238.jpg,1
img_504.jpg,1
img_767.jpg,0
img_35.jpg,1
img_319.jpg,1
img_524.jpg,1
img_52.jpg,1
img_713.jpg,0
img_329.jpg,1
img_740.jpg,0
img_539.jpg,1
img_119.jpg,1
img_418.jpg,1
img_86.jpg,1
img_518.jpg,1
img_1092.jpg,0
img_532.jpg,1
img_261.jpg,1
img_362.jpg,1
img_638.jpg,0
img_1076.jpg,0
img_598.jpg,0
img_78.jpg,1
img_130.jpg,1
img_654.jpg,0
img_182.jpg,1
img_691.jpg,0
img_216.jpg,1
img_697.jpg,0
img_527.jpg,1
img_484.jpg,1
img_800.jpg,0
img_1008.jpg,0
img_802.jpg,0
img_847.jpg,0
img_412.jpg,1
img_465.jpg,1
img_340.jpg,1
img_494.jpg,1
img_226.jpg,1
img_891.jpg,0
img_409.jpg,1
img_755.jpg,0
img_972.jpg,0
img_31.jpg,1
img_374.jpg,1
img_389.jpg,1
img_147.jpg,1
img_306.jpg,1
img_195.jpg,1
img_436.jpg,1
img_217.jpg,1
img_548.jpg,1
img_727.jpg,0
img_553.jpg,1
img_965.jpg,0
img_152.jpg,1
img_983.jpg,0
img_949.jpg,0
img_993.jpg,0
img_556.jpg,1
img_984.jpg,0
img_243.jpg,1
img_476.jpg,1
img_987.jpg,0
img_435.jpg,1
img_450.jpg,1
img_731.jpg,0
img_290.jpg,1
img_903.jpg,0
img_896.jpg,0
img_456.jpg,1
img_958.jpg,0
img_672.jpg,0
img_762.jpg,0
img_979.jpg,0
img_101.jpg,1
img_599.jpg,0
img_516.jpg,1
img_14.jpg,1
img_649.jpg,0
img_742.jpg,0
img_675.jpg,0
img_819.jpg,0
img_913.jpg,0
img_725.jpg,0
img_667.jpg,0
img_1003.jpg,0
img_149.jpg,1
img_1054.jpg,0
img_945.jpg,0
img_968.jpg,0
img_561.jpg,1
img_758.jpg,0
img_856.jpg,0
img_908.jpg,0
img_37.jpg,1
img_145.jpg,1
img_938.jpg,0
img_26.jpg,1
img_563.jpg,1
img_464.jpg,1
img_72.jpg,1
img_218.jpg,1
img_911.jpg,0
img_910.jpg,0
img_320.jpg,1
img_492.jpg,1
img_1047.jpg,0
img_575.jpg,1
img_179.jpg,1
img_256.jpg,1
img_48.jpg,1
img_17.jpg,1
img_212.jpg,1
img_24.jpg,1
img_394.jpg,1
img_1034.jpg,0
img_1027.jpg,0
img_919.jpg,0
img_350.jpg,1
img_601.jpg,0
img_822.jpg,0
img_215.jpg,1
img_274.jpg,1
img_369.jpg,1
img_702.jpg,0
img_379.jpg,1
img_878.jpg,0
img_117.jpg,1
img_296.jpg,1
img_660.jpg,0
img_515.jpg,1
img_172.jpg,1
img_688.jpg,0
img_1065.jpg,0
img_875.jpg,0
img_570.jpg,1
img_530.jpg,1
img_373.jpg,1
img_874.jpg,0
img_299.jpg,1
img_686.jpg,0
img_1038.jpg,0
img_474.jpg,1
img_148.jpg,1
img_869.jpg,0
img_400.jpg,1
img_233.jpg,1
img_833.jpg,0
img_779.jpg,0
img_146.jpg,1
img_706.jpg,0
img_554.jpg,1
img_926.jpg,0
img_76.jpg,1
img_342.jpg,1
img_630.jpg,0
img_902.jpg,0
img_246.jpg,1
img_1009.jpg,0
img_242.jpg,1
img_923.jpg,0
img_871.jpg,0
img_257.jpg,1
img_264.jpg,1
img_613.jpg,0
img_196.jpg,1
img_402.jpg,1
img_932.jpg,0
img_224.jpg,1
img_718.jpg,0
img_865.jpg,0
img_462.jpg,1
img_1000.jpg,0
img_90.jpg,1
img_1036.jpg,0
img_499.jpg,1
img_743.jpg,0
img_51.jpg,1
img_113.jpg,1
img_754.jpg,0
img_16.jpg,1
img_313.jpg,1
img_991.jpg,0
img_225.jpg,1
img_237.jpg,1
img_760.jpg,0
img_637.jpg,0
img_842.jpg,0
img_631.jpg,0
img_750.jpg,0
img_1061.jpg,0
img_864.jpg,0
img_347.jpg,1
img_818.jpg,0
img_854.jpg,0
img_870.jpg,0
img_1046.jpg,0
img_2.jpg,1
img_734.jpg,0
img_236.jpg,1
img_263.jpg,1
img_666.jpg,0
img_1084.jpg,0
img_154.jpg,1
img_50.jpg,1
img_884.jpg,0
img_536.jpg,1
img_708.jpg,0
img_671.jpg,0
img_942.jpg,0
img_1004.jpg,0
img_420.jpg,1
img_549.jpg,1
img_964.jpg,0
img_877.jpg,0
img_335.jpg,1
img_185.jpg,1
img_203.jpg,1
img_406.jpg,1
img_796.jpg,0
img_106.jpg,1
img_425.jpg,1
img_1081.jpg,0
img_728.jpg,0
img_813.jpg,0
img_398.jpg,1
img_297.jpg,1
img_1062.jpg,0
img_136.jpg,1
img_583.jpg,0
img_1001.jpg,0
img_125.jpg,1
img_1077.jpg,0
img_989.jpg,0
img_126.jpg,1
img_291.jpg,1
img_55.jpg,1
img_283.jpg,1
img_251.jpg,1
img_943.jpg,0
img_969.jpg,0
img_645.jpg,0
img_674.jpg,0
img_1090.jpg,0
img_265.jpg,1
img_1037.jpg,0
img_805.jpg,0
img_974.jpg,0
img_925.jpg,0
img_355.jpg,1
img_773.jpg,0
img_592.jpg,0
img_580.jpg,1
img_508.jpg,1
img_204.jpg,1
img_427.jpg,1
img_208.jpg,1
img_589.jpg,0
img_695.jpg,0
img_15.jpg,1
img_787.jpg,0
img_503.jpg,1
img_96.jpg,1
img_150.jpg,1
img_933.jpg,0
img_595.jpg,0
img_808.jpg,0
img_1089.jpg,0
img_447.jpg,1
img_330.jpg,1
img_303.jpg,1
img_936.jpg,0
img_953.jpg,0
img_806.jpg,0
img_383.jpg,1
img_84.jpg,1
img_948.jpg,0
img_67.jpg,1
img_920.jpg,0
img_83.jpg,1
img_898.jpg,0
img_62.jpg,1
img_44.jpg,1
img_826.jpg,0
img_207.jpg,1
img_606.jpg,0
img_507.jpg,1
img_314.jpg,1
img_440.jpg,1
img_701.jpg,0
img_54.jpg,1
img_1030.jpg,0
img_738.jpg,0
img_270.jpg,1
img_680.jpg,0
img_100.jpg,1
img_344.jpg,1
img_543.jpg,1
img_351.jpg,1
img_461.jpg,1
img_509.jpg,1
img_763.jpg,0
img_999.jpg,0
img_992.jpg,0
img_205.jpg,1
img_935.jpg,0
img_370.jpg,1
img_512.jpg,1
img_1080.jpg,0
img_824.jpg,0
img_244.jpg,1
img_1040.jpg,0
img_47.jpg,1
img_971.jpg,0
img_978.jpg,0
img_176.jpg,1
img_736.jpg,0
img_924.jpg,0
img_377.jpg,1
img_683.jpg,0
img_837.jpg,0
img_626.jpg,0
img_618.jpg,0
